one,two,three,four,five
15.7056,6.66706,3.99396,40.354301,1
25.2976,15.7056,3.89379,43.022701,1
40.354301,25.2976,4.32529,71.055099,1
43.022701,40.354301,4.07864,55.142399,1
71.055099,43.022701,3.77099,55.754101,0
55.142399,71.055099,6.66706,88.330704,1
55.754101,55.142399,15.7056,232.095993,1
88.330704,55.754101,25.2976,163.350998,1
